Keyword,Category,CPC,Competition,"Search Volume","Rank (PRO)",Intent,O-Score
"contract development manufacturing organization",Pharmaceutical,14.28,12,1900,,Commercial,66925
"pharmaceutical cdmo",Pharmaceutical,12.82,15,720,,Commercial,12284
"cdmo services",Pharmaceutical,24.88,17,720,,Commercial,11965
"cmo services",Pharmaceutical,10.46,17,260,,Commercial,4350
"cdmo companies",Pharmaceutical,15.81,52,390,,Commercial,3780
"cdmo manufacturing",Pharmaceutical,79.04,48,170,,Commercial,1784
"cdmo industry",Pharmaceutical,13.41,31,110,,Informational,1542
"cdmo partnerships",Pharmaceutical,0,36,70,,Commercial,925
"biotech cdmo",Pharmaceutical,0,59,70,,Commercial,597
"cdmo solutions",Pharmaceutical,17.49,7,30,,Commercial,570
"cdmo services near me",Pharmaceutical,0,5,10,,Local,427
"cdmo outsourcing",Pharmaceutical,0,7,20,,Commercial,417
"cdmo and supply chain",Pharmaceutical,0,5,10,,Informational,415
"contract services in cdmo",Pharmaceutical,0,7,10,,Commercial,409
"global trends in cdmo",Pharmaceutical,0,5,10,,Informational,407
"cdmo for small companies",Pharmaceutical,0,7,10,,Commercial,399
"cdmo for clinical trials",Pharmaceutical,0,7,10,,Commercial,393
"cdmo facility",Pharmaceutical,0,18,20,,Commercial,349
"cdmo market opportunities",Pharmaceutical,0,5,10,,Informational,335
"efficiencies in cdmo",Pharmaceutical,0,7,10,,Commercial,329
"cdmo tech transfer",Pharmaceutical,0,7,10,,Commercial,323
"cdmo and logistics",Pharmaceutical,0,5,10,,Informational,322
"cdmo service levels",Pharmaceutical,0,7,10,,Commercial,322
"cdmo market trends",Pharmaceutical,0,5,10,,Informational,320
"cdmo contract services",Pharmaceutical,0,7,10,,Commercial,319
"cdmo client testimonials",Pharmaceutical,0,5,10,,Informational,319
"future of cdmo",Pharmaceutical,0,5,10,,Informational,318
"partnership with cdmo",Pharmaceutical,0,7,10,,Commercial,315
"top cdmo providers",Pharmaceutical,0,7,10,,Commercial,314
"cdmo in pharmaceuticals",Pharmaceutical,0,7,10,,Commercial,313
"cdmo vs cro",Pharmaceutical,0,5,10,,Informational,312
"cdmo case studies",Pharmaceutical,0,5,10,,Informational,312
"region specific cdmo",Pharmaceutical,0,5,10,,Local,310
"best cdmo options",Pharmaceutical,0,7,10,,Commercial,308
"integrated cdmo services",Pharmaceutical,0,7,10,,Commercial,307
"cdmo cost analysis",Pharmaceutical,0,7,10,,Informational,307
"niche cdmo services",Pharmaceutical,0,5,10,,Commercial,307
"cdmo resource management",Pharmaceutical,0,7,10,,Commercial,306
"demands on cdmo",Pharmaceutical,0,5,10,,Informational,306
"cdmo funding options",Pharmaceutical,0,7,10,,Commercial,305
"cdmo regulatory services",Pharmaceutical,0,7,10,,Commercial,303
"cdmo quality assurance",Pharmaceutical,0,7,10,,Commercial,303
"cdmo industry insights",Pharmaceutical,0,5,10,,Informational,302
"innovation in cdmo",Pharmaceutical,0,5,10,,Informational,299
"advanced cdmo techniques",Pharmaceutical,0,7,10,,Informational,299
"custom cdmo solutions",Pharmaceutical,0,7,10,,Commercial,298
"global cdmo",Pharmaceutical,6,59,30,,Commercial,284
"cdmo expertise",Pharmaceutical,0,5,10,,Commercial,222
"cdmo procurement",Pharmaceutical,0,5,10,,Commercial,210
"cdmo collaboration",Pharmaceutical,0,5,10,,Commercial,200
"cdmo scalability",Pharmaceutical,0,7,10,,Commercial,199
"cdmo business model",Pharmaceutical,0,46,10,,Informational,195
"cdmo project management",Pharmaceutical,0,86,20,,Commercial,94
"compliance in cdmo",Pharmaceutical,0,0,0,,Informational,0
